instance,method,ub
insC1.0,CostFunction,2829.97
insC1.0,ScalarCost,2772.95
insC1.0,Compact,2742.85
insC1.0,SemiComp,2742.85
insC1.1,CostFunction,3937.31
insC1.1,ScalarCost,3894.23
insC1.1,Compact,3455.83
insC1.1,SemiComp,3413.99
insC1.2,CostFunction,3908.62
insC1.2,ScalarCost,3908.62
insC1.2,Compact,3862.77
insC1.2,SemiComp,3875.6
insC1.3,CostFunction,3395.15
insC1.3,ScalarCost,3429.44
insC1.3,Compact,3296.86
insC1.3,SemiComp,3354.6
insC1.4,CostFunction,2718.66
insC1.4,ScalarCost,2718.66
insC1.4,Compact,2519.59
insC1.4,SemiComp,2519.59
insC1.5,CostFunction,2920.14
insC1.5,ScalarCost,2963.63
insC1.5,Compact,2843.37
insC1.5,SemiComp,2834.47
insC1.6,CostFunction,3444.95
insC1.6,ScalarCost,3369.64
insC1.6,Compact,3226.06
insC1.6,SemiComp,3233.23
insC1.7,CostFunction,2846.5
insC1.7,ScalarCost,2846.5
insC1.7,Compact,2724.02
insC1.7,SemiComp,2683.67
insC1.8,CostFunction,2886.12
insC1.8,ScalarCost,2875.19
insC1.8,Compact,2819.41
insC1.8,SemiComp,2837.36
insC1.9,CostFunction,2475.37
insC1.9,ScalarCost,2475.37
insC1.9,Compact,2356.16
insC1.9,SemiComp,2356.16
insC2.0,CostFunction,3461.11
insC2.0,ScalarCost,3461.11
insC2.0,Compact,3397.63
insC2.0,SemiComp,3397.63
insC2.1,CostFunction,4201.33
insC2.1,ScalarCost,4201.33
insC2.1,Compact,4605.23
insC2.1,SemiComp,4142.74
insC2.2,CostFunction,4600.15
insC2.2,ScalarCost,4600.15
insC2.2,Compact,4614.71
insC2.2,SemiComp,4615.63
insC2.3,CostFunction,4325.08
insC2.3,ScalarCost,4325.08
insC2.3,Compact,4341.83
insC2.3,SemiComp,4297.84
insC2.4,CostFunction,3797.13
insC2.4,ScalarCost,3821.92
insC2.4,Compact,3525.77
insC2.4,SemiComp,3571.73
insC2.5,CostFunction,3415.62
insC2.5,ScalarCost,3415.62
insC2.5,Compact,3199.81
insC2.5,SemiComp,3302.46
insC2.6,CostFunction,4415.67
insC2.6,ScalarCost,4419.96
insC2.6,Compact,
insC2.6,SemiComp,4429.24
insC2.7,CostFunction,3930.81
insC2.7,ScalarCost,3941.23
insC2.7,Compact,3696.81
insC2.7,SemiComp,3696.81
insC2.8,CostFunction,3758.88
insC2.8,ScalarCost,3751.39
insC2.8,Compact,3487.56
insC2.8,SemiComp,3593.52
insC2.9,CostFunction,3061.78
insC2.9,ScalarCost,3061.78
insC2.9,Compact,2906.81
insC2.9,SemiComp,2906.81
insC3.0,CostFunction,3911.6
insC3.0,ScalarCost,4005.18
insC3.0,Compact,3903.13
insC3.0,SemiComp,3895.52
insC3.1,CostFunction,4654.78
insC3.1,ScalarCost,4654.78
insC3.1,Compact,
insC3.1,SemiComp,
insC3.2,CostFunction,4722.02
insC3.2,ScalarCost,4722.02
insC3.2,Compact,
insC3.2,SemiComp,4371.68
insC3.3,CostFunction,3618.95
insC3.3,ScalarCost,3712.21
insC3.3,Compact,
insC3.3,SemiComp,
insC3.4,CostFunction,4116.01
insC3.4,ScalarCost,4205.12
insC3.4,Compact,3785.67
insC3.4,SemiComp,
insC3.5,CostFunction,
insC3.5,ScalarCost,
insC3.5,Compact,
insC3.5,SemiComp,
insC3.6,CostFunction,5467.74
insC3.6,ScalarCost,4405.1
insC3.6,Compact,
insC3.6,SemiComp,
insC3.7,CostFunction,3904.26
insC3.7,ScalarCost,3721.98
insC3.7,Compact,3616.03
insC3.7,SemiComp,3509.69
insC3.8,CostFunction,4108.06
insC3.8,ScalarCost,3845.22
insC3.8,Compact,
insC3.8,SemiComp,
insC3.9,CostFunction,4502.04
insC3.9,ScalarCost,4502.04
insC3.9,Compact,
insC3.9,SemiComp,
insC4.0,CostFunction,5654.36
insC4.0,ScalarCost,5654.36
insC4.0,Compact,
insC4.0,SemiComp,5617.52
insC4.1,CostFunction,6110.51
insC4.1,ScalarCost,5968.05
insC4.1,Compact,
insC4.1,SemiComp,
insC4.2,CostFunction,5787.34
insC4.2,ScalarCost,5637.32
insC4.2,Compact,
insC4.2,SemiComp,
insC4.3,CostFunction,4684.13
insC4.3,ScalarCost,4677.18
insC4.3,Compact,
insC4.3,SemiComp,
insC4.4,CostFunction,5090.12
insC4.4,ScalarCost,5087.8
insC4.4,Compact,
insC4.4,SemiComp,
insC4.5,CostFunction,5769.11
insC4.5,ScalarCost,5602.06
insC4.5,Compact,
insC4.5,SemiComp,
insC4.6,CostFunction,5734.83
insC4.6,ScalarCost,5929.33
insC4.6,Compact,
insC4.6,SemiComp,
insC4.7,CostFunction,5054.15
insC4.7,ScalarCost,4934.71
insC4.7,Compact,
insC4.7,SemiComp,5602.03
insC4.8,CostFunction,5114.57
insC4.8,ScalarCost,5077.59
insC4.8,Compact,
insC4.8,SemiComp,
insC4.9,CostFunction,4603.88
insC4.9,ScalarCost,4546.59
insC4.9,Compact,
insC4.9,SemiComp,
insC5.0,CostFunction,7345.02
insC5.0,ScalarCost,7387.6
insC5.0,Compact,
insC5.0,SemiComp,
insC5.1,CostFunction,7511.92
insC5.1,ScalarCost,7479.79
insC5.1,Compact,
insC5.1,SemiComp,
insC5.2,CostFunction,7269.81
insC5.2,ScalarCost,7470.97
insC5.2,Compact,
insC5.2,SemiComp,
insC5.3,CostFunction,5920.78
insC5.3,ScalarCost,5962.39
insC5.3,Compact,
insC5.3,SemiComp,
insC5.4,CostFunction,6414.65
insC5.4,ScalarCost,6414.65
insC5.4,Compact,
insC5.4,SemiComp,
insC5.5,CostFunction,6829.38
insC5.5,ScalarCost,6743.35
insC5.5,Compact,
insC5.5,SemiComp,
insC5.6,CostFunction,7631.54
insC5.6,ScalarCost,7702.07
insC5.6,Compact,
insC5.6,SemiComp,
insC5.7,CostFunction,6227.98
insC5.7,ScalarCost,6310.84
insC5.7,Compact,
insC5.7,SemiComp,6732.64
insC5.8,CostFunction,5896.7
insC5.8,ScalarCost,5876.95
insC5.8,Compact,
insC5.8,SemiComp,
insC5.9,CostFunction,6209.2
insC5.9,ScalarCost,6240.26
insC5.9,Compact,
insC5.9,SemiComp,
